<?xml version='1.0' encoding='UTF-8'?>
<widget xmlns="http://www.w3.org/ns/widgets" xmlns:intelxdk="http://xdk.intel.com/ns/v1" id="not.yet.specified" version="0.0.1">
<!--This file is generated by the Intel XDK. Do not edit this file as your edits will be lost.           -->
<!--To change the contents of this file, see the documentation on the intelxdk.config.additions.xml file.-->
<intelxdk:version value="1.0"/>
<intelxdk:cordova-cli version="4.1.2"/>
<name>astral</name>
<content src="index.html"/>
<access origin="*"/>
<preference name="ios-target" value="6"/>
<preference name="ios-configuration" value="adhoc"/>
<!--creationInfo:{"src":"","projectTypeName":"com.intel.xdk.projecttype.webapp"}--></widget>